USE mundo_patitas3;
-- t16CatalogoTrabajadores
INSERT INTO t16CatalogoTrabajadores
  (id_Trabajador, DNITrabajador, des_apepatTrabajador, des_apematTrabajador, des_nombreTrabajador, num_telefono, direccion, email, cargo, estado)
VALUES
  (50001, '33333333', 'Pérez',  'Lopez',  'María',  '999111222', 'Av. Central 123',    'maria.perez@mp.com',  'Cajero',  'Activo'),
  (50002, '44444444', 'García', 'Torres', 'Carlos', '999222333', 'Calle Falsa 742',    'carlos.garcia@mp.com','Vendedor','Activo'),
  (50003, '55555555', 'Ramos',  'Vera',   'Lucía',  '999333444', 'Jr. Las Flores 321', 'lucia.ramos@mp.com',  'Almacén', 'Activo'),
  (50004, '22222222', 'Flores', 'Diaz',   'Carla',  '988222333', 'Mz B Lt 2',          'carla.flores@demo.com','Responsable de Pedidos','Activo'),
  (50005, '66666666', 'López',  'Mora',   'Ana',    '999444555', 'Av. Secundaria 456', 'ana.lopez@mp.com',   'Responsable de Almacén', 'Activo'),
  (50006, '77777777', 'Martín', 'Salas',  'José',   '999555666', 'Av. Terciaria 789',  'jose.martin@mp.com',  'Responsable de Almacén', 'Activo'),
  (50007, '78541296', 'Martin', 'Saldarriaga',  'Josue Miguel',   '924785136', 'Av. Cuaternaria 452',  'jmartin@mp.com',  'Responsable de distribución', 'Activo'),
  (50008, '81234567', 'Quispe',  'Huamán',  'Luis',    '999111333', 'Av. Los Olivos 456',       'luis.quispe@mp.com',  'Repartidor', 'Activo'),
  (50009, '84567890', 'Vargas',  'Meza',    'Javier',  '999333555', 'Calle Cuzco 120',          'javier.vargas@mp.com','Repartidor', 'Activo'),
  (50010, '85678901', 'Rojas',   'Torres',  'Erick',   '999444666', 'Av. Grau 908',             'erick.rojas@mp.com',  'Repartidor', 'Activo'),
  (50011, '86789012', 'Mendoza', 'Quispe',  'Hugo',    '999555777', 'Av. Perú 345',             'hugo.mendoza@mp.com', 'Repartidor', 'Activo'),
  (50012, '87890123', 'Gómez',   'Paredes', 'Mario',   '999666888', 'Jr. Arequipa 678',         'mario.gomez@mp.com',  'Repartidor', 'Activo'),
  (50013, '88901234', 'Castro',  'Ramos',   'Ricardo', '999777999', 'Av. Argentina 1234',       'ricardo.castro@mp.com','Repartidor','Activo'),
  (50014, '89012345', 'Torres',  'Silva',   'Juan',    '999888000', 'Mz A Lt 5',                'juan.torres@mp.com',  'Repartidor', 'Activo'),
  (50015, '80123456', 'Ramos',   'Campos',  'Carlos',  '999999111', 'Calle Lima 87',            'carlos.ramos@mp.com', 'Repartidor', 'Activo'),
  (50016, '81234568', 'Luna',    'Lopez',   'Diego',   '999112233', 'Av. Colonial 432',         'diego.luna@mp.com',   'Repartidor', 'Activo'),
  (50017, '82345679', 'Reyes',   'Flores',  'Marco',   '999223344', 'Calle Bolognesi 654',      'marco.reyes@mp.com',  'Repartidor', 'Activo'),
  (50018, '83456780', 'Pérez',   'Cruz',    'Jorge',   '999334455', 'Jr. Piura 876',            'jorge.perez@mp.com',  'Repartidor', 'Activo'),
  (50019, '84567891', 'Huamán',  'Valdez',  'Samuel',  '999445566', 'Av. Universitaria 221',    'samuel.huaman@mp.com','Repartidor','Activo'),
  (50020, '85678902', 'Campos',  'Romero',  'Rodrigo', '999556677', 'Jr. Los Rosales 102',      'rodrigo.campos@mp.com','Repartidor','Activo'),
  (50021, '86789013', 'Lopez',   'Reátegui','Andrés',  '999667788', 'Av. Faucett 332',          'andres.lopez@mp.com', 'Repartidor', 'Activo'),
  (50022, '87890124', 'Salas',   'Carrillo','Oscar',   '999778899', 'Jr. Chosica 202',          'oscar.salas@mp.com',  'Repartidor', 'Activo'),
  (50023, '88901235', 'Ramos',   'Peña',    'Henry',   '999889900', 'Av. Argentina 1021',       'henry.ramos@mp.com',  'Repartidor', 'Activo'),
  (50024, '89012346', 'Flores',  'Morales', 'Alexis',  '999990011', 'Calle Surco 77',           'alexis.flores@mp.com','Repartidor','Activo'),
  (50025, '80123457', 'Romero',  'Vega',    'Renzo',   '999101122', 'Av. Colonial 999',         'renzo.romero@mp.com', 'Repartidor', 'Activo'),
  (50026, '81234569', 'Valdez',  'Guerra',  'Cristian','999212233', 'Jr. Puno 445',             'cristian.valdez@mp.com','Repartidor','Activo'),
  (50027, '83456789', 'Sánchez', 'Rojas',   'Pedro',   '999222444', 'Jr. Lima 234',             'pedro.sanchez@mp.com','Repartidor', 'Activo');


-- t31CategoriaProducto
INSERT INTO t31CategoriaProducto (Id_Categoria, Descripcion) VALUES
(24000, 'Alimento para perro'),
(24001, 'Alimento para gato'),
(24002, 'Arena y piedras sanitarias'),
(24003, 'Premios y snacks'),
(24004, 'Juguetes'),
(24005, 'Higiene y limpieza'),
(24006, 'Transporte y viaje'),
(24007, 'Accesorios'),
(24008, 'Camas y descanso'),
(24009, 'Jaulas y acuarios'),
(24010, 'Cuidado dental'),
(24011, 'Alimento para aves'),
(24012, 'Accesorios para acuarios'),
(24013, 'Ropa y accesorios para mascotas'),
(24014, 'Vitaminas y suplementos');


-- t34UnidadMedida
INSERT INTO t34UnidadMedida (Id_UnidadMedida, Descripcion) VALUES
(21000, 'Bolsa 1 kg'),
(21001, 'Bolsa 2 kg'),
(21002, 'Bolsa 4 kg'),
(21003, 'Bolsa 8 kg'),
(21004, 'Lata 400 g'),
(21005, 'Balde 5 L'),
(21006, 'Unidad'),
(21007, 'Paquete'),
(21008, 'Litro'),
(21009, 'ml'),
(21010, 'Pieza'),
(21011, 'Caja'),
(21012, 'Botella 500 ml'),
(21013, 'Paquete 250g');


-- t18CatalogoProducto
INSERT INTO t18CatalogoProducto (
NombreProducto, Descripcion, Marca, PrecioUnitario, StockActual, Estado, Peso, Volumen, t31CategoriaProducto_Id_Categoria, t34UnidadMedida_Id_UnidadMedida
) VALUES
('Pedigree Alimento Adulto 1kg', 'Alimento seco para perro adulto, sabor carne', 'Pedigree', 85.00, 30, 'Disponible', 1.0000, 0.0360, 24000, 21000),
('Pedigree Alimento Adulto 2kg', 'Alimento seco para perro adulto, sabor carne', 'Pedigree', 155.00, 30, 'Disponible', 2.0000, 0.0720, 24000, 21001),
('Pedigree Alimento Adulto 4kg', 'Alimento seco para perro adulto, sabor carne', 'Pedigree', 270.00, 18, 'Disponible', 4.0000, 0.1500, 24000, 21002),
('Dog Chow Adulto 1kg', 'Alimento balanceado para perro adulto, sabor pollo', 'Dog Chow', 95.00, 42, 'Disponible', 1.0000, 0.0360, 24000, 21000),
('Dog Chow Adulto 2kg', 'Alimento balanceado para perro adulto, sabor pollo', 'Dog Chow', 178.00, 24, 'Disponible', 2.0000, 0.0720, 24000, 21001),
('Dog Chow Adulto 8kg', 'Alimento balanceado para perro adulto, sabor pollo', 'Dog Chow', 540.00, 12, 'Disponible', 8.0000, 0.2800, 24000, 21003),
('Nutra Nuggets Puppy 4kg', 'Alimento seco para cachorro, alto en proteínas', 'Nutra Nuggets', 320.00, 18, 'Disponible', 4.0000, 0.1500, 24000, 21002),
('Eukanuba Puppy 2kg', 'Alimento seco para cachorro, alto en proteínas', 'Eukanuba', 258.00, 18, 'Disponible', 2.0000, 0.0720, 24000, 21001),
('Royal Canin Mini Adult 1kg', 'Alimento seco para perro adulto raza pequeña', 'Royal Canin', 245.00, 24, 'Disponible', 1.0000, 0.0360, 24000, 21000),
('Royal Canin Mini Adult 4kg', 'Alimento seco para perro adulto raza pequeña', 'Royal Canin', 915.00, 12, 'Disponible', 4.0000, 0.1500, 24000, 21002),
('Hill’s Science Diet 2kg', 'Alimento seco premium para perro adulto', 'Hill’s', 312.00, 12, 'Disponible', 2.0000, 0.0720, 24000, 21001),
('Kirkland Signature Adult Dog 18kg', 'Alimento seco para perro adulto', 'Kirkland', 1420.00, 7, 'Disponible', 18.0000, 0.5700, 24000, 21003),
('Purina Cat Chow Adulto 1kg', 'Alimento seco para gato adulto, pollo', 'Purina Cat Chow', 119.00, 30, 'Disponible', 1.0000, 0.0360, 24001, 21000),
('Purina Cat Chow Adulto 4kg', 'Alimento seco para gato adulto, pollo', 'Purina Cat Chow', 398.00, 12, 'Disponible', 4.0000, 0.1500, 24001, 21002),
('Whiskas Adulto 400g', 'Alimento húmedo para gato adulto, sabor pescado', 'Whiskas', 42.00, 42, 'Disponible', 0.4000, 0.0040, 24001, 21004),
('Whiskas Adulto 1kg', 'Alimento seco para gato adulto', 'Whiskas', 92.00, 36, 'Disponible', 1.0000, 0.0360, 24001, 21000),
('Whiskas Adulto 2kg', 'Alimento seco para gato adulto', 'Whiskas', 173.00, 12, 'Disponible', 2.0000, 0.0720, 24001, 21001),
('Felix Fantastic Gato 85g', 'Alimento húmedo para gato, sobres', 'Felix', 21.00, 42, 'Disponible', 0.0900, 0.0001, 24001, 21006),
('Felix Party Mix 60g', 'Snacks para gato, crocantes', 'Felix', 45.00, 48, 'Disponible', 0.0600, 0.00006, 24003, 21006),
('Cepillo Dental Para Perro Medium', 'Cepillo limpia dientes perros medianos', 'PetSmile', 120.00, 21, 'Disponible', 0.1000, 0.0010, 24010, 21006),
('Hueso Dental Chiquito', 'Premio dental para perros pequeños', 'DentalBone', 80.00, 6, 'Disponible', 0.1500, 0.0015, 24010, 21010),
('Mezcla de Semillas para Aves 1kg', 'Alimento completo para aves pequeñas', 'BirdBox', 160.00, 15, 'Disponible', 1.0000, 0.0360, 24011, 21000),
('Jaula Para Canario Mediana', 'Jaula de 45x30x40 cm para canarios', 'BirdHome', 450.00, 3, 'Disponible', 3.5000, 0.0540, 24011, 21006),
('Filtro para Acuario 3L', 'Filtro externo para acuarios pequeños', 'AquaPure', 350.00, 4, 'Disponible', 1.8000, 0.0050, 24012, 21006),
('Termómetro Digital Acuario', 'Termómetro para acuarios con lectura digital', 'AquaTech', 95.00, 9, 'Disponible', 0.1000, 0.0008, 24012, 21006),
('Suéter para Perro Mediano', 'Ropa térmica para perros medianos', 'PetFashion', 230.00, 9, 'Disponible', 0.4000, 0.0040, 24013, 21006),
('Vitaminas Multinivel para Perro 250g', 'Suplementos vitamínicos para crecimiento', 'NutriPet', 180.00, 12, 'Disponible', 0.2500, 0.0025, 24014, 21013),
('Vitaminas de Salmón para Gato 500ml', 'Suplemento líquido sabor salmón para gatos', 'FelineVits', 210.00, 9, 'Disponible', 0.5000, 0.0005, 24014, 21012),
('Dentastix para perros pequeños 3pzas', 'Premios dentales para perros pequeños', 'Pedigree', 55.00, 6, 'Disponible', 0.0500, 0.0005, 24010, 21010),
('Snack Mixto Para Aves Tropicales 500g', 'Snack saludable para aves tropicales', 'BirdBox', 88.00, 9, 'Disponible', 0.5000, 0.0180, 24011, 21013),
('Cama para perro tamaño pequeño', 'Cama acolchonada para perros pequeños', 'ComfyPet', 550.00, 7, 'Disponible', 1.2000, 0.0250, 24008, 21006),
('Mordedor de nylon para perros grandes', 'Juguete duradero para masticar', 'Nylabone', 180.00, 9, 'Disponible', 0.4500, 0.0040, 24004, 21006),
('Arena Perfume Lavanda 10L', 'Arena para gato con aroma a lavanda', 'Sanicat', 250.00, 12, 'Disponible', 10.0000, 0.0120, 24002, 21005),
('Shampoo antipulgas 500ml', 'Shampoo antipulgas para perros y gatos', 'PetClean', 215.00, 12, 'Disponible', 0.5000, 0.0005, 24005, 21012),
('Arnés réflex para perro mediano', 'Arnés con cinta reflectante para seguridad', 'Rogz', 370.00, 10, 'Disponible', 0.3000, 0.0020, 24007, 21006),
('Alimento Premium Para Perro Senior 3kg', 'Alimento nutricional para perros mayores', 'Royal Canin', 420.00, 12, 'Disponible', 3.0000, 0.1080, 24000, 21002),
('Snack Saludable Para Perro 100g', 'Snack natural y bajo en calorías', 'HealthyPet', 65.00, 18, 'Disponible', 0.1000, 0.0020, 24003, 21013),
('Plato Inoxidable Para Mascotas 1L', 'Plato resistente para comida o agua', 'PetSupplies', 125.00, 18, 'Disponible', 0.8000, 0.0015, 24007, 21008),
('Caja De Transporte Para Gato Mediano', 'Transportadora cómoda para gatos', 'FurHome', 775.00, 4, 'Disponible', 3.0000, 0.0400, 24006, 21011),
('Juguete Interactivo Para Gato', 'Rascador y juguete con plumas', 'Trixie', 180.00, 10, 'Disponible', 0.2500, 0.0008, 24004, 21006),
('Líquido Anti-Pulgas 250ml', 'Líquido antipulgas para mascotas', 'PetCare', 195.00, 12, 'Disponible', 0.2500, 0.0003, 24005, 21012),
('Cepillo Dental Para Perro Medium', 'Cepillo limpia dientes perros medianos', 'PetSmile', 120.00, 21, 'Disponible', 0.1000, 0.0010, 24010, 21006),
('Hueso Dental Chiquito', 'Premio dental para perros pequeños', 'DentalBone', 80.00, 6, 'Disponible', 0.1500, 0.0015, 24010, 21010),
('Mezcla de Semillas para Aves 1kg', 'Alimento completo para aves pequeñas', 'BirdBox', 160.00, 15, 'Disponible', 1.0000, 0.0360, 24011, 21000),
('Jaula Para Canario Mediana', 'Jaula de 45x30x40 cm para canarios', 'BirdHome', 450.00, 3, 'Disponible', 3.5000, 0.0540, 24011, 21006),
('Filtro para Acuario 3L', 'Filtro externo para acuarios pequeños', 'AquaPure', 350.00, 4, 'Disponible', 1.8000, 0.0050, 24012, 21006),
('Termómetro Digital Acuario', 'Termómetro para acuarios con lectura digital', 'AquaTech', 95.00, 9, 'Disponible', 0.1000, 0.0008, 24012, 21006),
('Suéter para Perro Mediano', 'Ropa térmica para perros medianos', 'PetFashion', 230.00, 9, 'Disponible', 0.4000, 0.0040, 24013, 21006),
('Vitaminas Multinivel para Perro 250g', 'Suplementos vitamínicos para crecimiento', 'NutriPet', 180.00, 12, 'Disponible', 0.2500, 0.0025, 24014, 21013),
('Vitaminas de Salmón para Gato 500ml', 'Suplemento líquido sabor salmón para gatos', 'FelineVits', 210.00, 9, 'Disponible', 0.5000, 0.0005, 24014, 21012),
('Dentastix para perros pequeños 3pzas', 'Premios dentales para perros pequeños', 'Pedigree', 55.00, 6, 'Disponible', 0.0500, 0.0005, 24010, 21010),
('Snack Mixto Para Aves Tropicales 500g', 'Snack saludable para aves tropicales', 'BirdBox', 88.00, 9, 'Disponible', 0.5000, 0.0180, 24011, 21013),
('Cama para perro tamaño pequeño', 'Cama acolchonada para perros pequeños', 'ComfyPet', 550.00, 7, 'Disponible', 1.2000, 0.0250, 24008, 21006),
('Mordedor de nylon para perros grandes', 'Juguete duradero para masticar', 'Nylabone', 180.00, 9, 'Disponible', 0.4500, 0.0040, 24004, 21006),
('Arena Perfume Lavanda 10L', 'Arena para gato con aroma a lavanda', 'Sanicat', 250.00, 12, 'Disponible', 10.0000, 0.0120, 24002, 21005),
('Shampoo antipulgas 500ml', 'Shampoo antipulgas para perros y gatos', 'PetClean', 215.00, 12, 'Disponible', 0.5000, 0.0005, 24005, 21012),
('Arnés réflex para perro mediano', 'Arnés con cinta reflectante para seguridad', 'Rogz', 370.00, 10, 'Disponible', 0.3000, 0.0020, 24007, 21006),
('Alimento Premium Para Perro Senior 3kg', 'Alimento nutricional para perros mayores', 'Royal Canin', 420.00, 12, 'Disponible', 3.0000, 0.1080, 24000, 21002),
('Snack Saludable Para Perro 100g', 'Snack natural y bajo en calorías', 'HealthyPet', 65.00, 18, 'Disponible', 0.1000, 0.0020, 24003, 21013),
('Plato Inoxidable Para Mascotas 1L', 'Plato resistente para comida o agua', 'PetSupplies', 125.00, 18, 'Disponible', 0.8000, 0.0015, 24007, 21008),
('Caja De Transporte Para Gato Mediano', 'Transportadora cómoda para gatos', 'FurHome', 775.00, 4, 'Disponible', 3.0000, 0.0400, 24006, 21011),
('Juguete Interactivo Para Gato', 'Rascador y juguete con plumas', 'Trixie', 180.00, 10, 'Disponible', 0.2500, 0.0008, 24004, 21006),
('Líquido Anti-Pulgas 250ml', 'Líquido antipulgas para mascotas', 'PetCare', 195.00, 12, 'Disponible', 0.2500, 0.0003, 24005, 21012),
('Cepillo Dental Para Perro Medium', 'Cepillo limpia dientes perros medianos', 'PetSmile', 120.00, 21, 'Disponible', 0.1000, 0.0010, 24010, 21006),
('Hueso Dental Chiquito', 'Premio dental para perros pequeños', 'DentalBone', 80.00, 6, 'Disponible', 0.1500, 0.0015, 24010, 21010),
('Mezcla de Semillas para Aves 1kg', 'Alimento completo para aves pequeñas', 'BirdBox', 160.00, 15, 'Disponible', 1.0000, 0.0360, 24011, 21000),
('Jaula Para Canario Mediana', 'Jaula de 45x30x40 cm para canarios', 'BirdHome', 450.00, 3, 'Disponible', 3.5000, 0.0540, 24011, 21006),
('Filtro para Acuario 3L', 'Filtro externo para acuarios pequeños', 'AquaPure', 350.00, 4, 'Disponible', 1.8000, 0.0050, 24012, 21006),
('Termómetro Digital Acuario', 'Termómetro para acuarios con lectura digital', 'AquaTech', 95.00, 9, 'Disponible', 0.1000, 0.0008, 24012, 21006),
('Suéter para Perro Mediano', 'Ropa térmica para perros medianos', 'PetFashion', 230.00, 9, 'Disponible', 0.4000, 0.0040, 24013, 21006),
('Vitaminas Multinivel para Perro 250g', 'Suplementos vitamínicos para crecimiento', 'NutriPet', 180.00, 12, 'Disponible', 0.2500, 0.0025, 24014, 21013),
('Vitaminas de Salmón para Gato 500ml', 'Suplemento líquido sabor salmón para gatos', 'FelineVits', 210.00, 9, 'Disponible', 0.5000, 0.0005, 24014, 21012),
('Dentastix para perros pequeños 3pzas', 'Premios dentales para perros pequeños', 'Pedigree', 55.00, 6, 'Disponible', 0.0500, 0.0005, 24010, 21010),
('Snack Mixto Para Aves Tropicales 500g', 'Snack saludable para aves tropicales', 'BirdBox', 88.00, 9, 'Disponible', 0.5000, 0.0180, 24011, 21013),
('Cama para perro tamaño pequeño', 'Cama acolchonada para perros pequeños', 'ComfyPet', 550.00, 7, 'Disponible', 1.2000, 0.0250, 24008, 21006),
('Mordedor de nylon para perros grandes', 'Juguete duradero para masticar', 'Nylabone', 180.00, 9, 'Disponible', 0.4500, 0.0040, 24004, 21006),
('Arena Perfume Lavanda 10L', 'Arena para gato con aroma a lavanda', 'Sanicat', 250.00, 12, 'Disponible', 10.0000, 0.0120, 24002, 21005),
('Shampoo antipulgas 500ml', 'Shampoo antipulgas para perros y gatos', 'PetClean', 215.00, 12, 'Disponible', 0.5000, 0.0005, 24005, 21012),
('Arnés réflex para perro mediano', 'Arnés con cinta reflectante para seguridad', 'Rogz', 370.00, 10, 'Disponible', 0.3000, 0.0020, 24007, 21006),
('Alimento Premium Para Perro Senior 3kg', 'Alimento nutricional para perros mayores', 'Royal Canin', 420.00, 12, 'Disponible', 3.0000, 0.1080, 24000, 21002),
('Snack Saludable Para Perro 100g', 'Snack natural y bajo en calorías', 'HealthyPet', 65.00, 18, 'Disponible', 0.1000, 0.0020, 24003, 21013),
('Plato Inoxidable Para Mascotas 1L', 'Plato resistente para comida o agua', 'PetSupplies', 125.00, 18, 'Disponible', 0.8000, 0.0015, 24007, 21008),
('Caja De Transporte Para Gato Mediano', 'Transportadora cómoda para gatos', 'FurHome', 775.00, 4, 'Disponible', 3.0000, 0.0400, 24006, 21011),
('Juguete Interactivo Para Gato', 'Rascador y juguete con plumas', 'Trixie', 180.00, 10, 'Disponible', 0.2500, 0.0008, 24004, 21006),
('Líquido Anti-Pulgas 250ml', 'Líquido antipulgas para mascotas', 'PetCare', 195.00, 12, 'Disponible', 0.2500, 0.0003, 24005, 21012),
('Cepillo Dental Para Perro Medium', 'Cepillo limpia dientes perros medianos', 'PetSmile', 120.00, 21, 'Disponible', 0.1000, 0.0010, 24010, 21006),
('Hueso Dental Chiquito', 'Premio dental para perros pequeños', 'DentalBone', 80.00, 6, 'Disponible', 0.1500, 0.0015, 24010, 21010),
('Mezcla de Semillas para Aves 1kg', 'Alimento completo para aves pequeñas', 'BirdBox', 160.00, 15, 'Disponible', 1.0000, 0.0360, 24011, 21000),
('Jaula Para Canario Mediana', 'Jaula de 45x30x40 cm para canarios', 'BirdHome', 450.00, 3, 'Disponible', 3.5000, 0.0540, 24011, 21006),
('Filtro para Acuario 3L', 'Filtro externo para acuarios pequeños', 'AquaPure', 350.00, 4, 'Disponible', 1.8000, 0.0050, 24012, 21006),
('Termómetro Digital Acuario', 'Termómetro para acuarios con lectura digital', 'AquaTech', 95.00, 9, 'Disponible', 0.1000, 0.0008, 24012, 21006),
('Suéter para Perro Mediano', 'Ropa térmica para perros medianos', 'PetFashion', 230.00, 9, 'Disponible', 0.4000, 0.0040, 24013, 21006),
('Vitaminas Multinivel para Perro 250g', 'Suplementos vitamínicos para crecimiento', 'NutriPet', 180.00, 12, 'Disponible', 0.2500, 0.0025, 24014, 21013),
('Vitaminas de Salmón para Gato 500ml', 'Suplemento líquido sabor salmón para gatos', 'FelineVits', 210.00, 9, 'Disponible', 0.5000, 0.0005, 24014, 21012),
('Dentastix para perros pequeños 3pzas', 'Premios dentales para perros pequeños', 'Pedigree', 55.00, 6, 'Disponible', 0.0500, 0.0005, 24010, 21010),
('Snack Mixto Para Aves Tropicales 500g', 'Snack saludable para aves tropicales', 'BirdBox', 88.00, 9, 'Disponible', 0.5000, 0.0180, 24011, 21013),
('Cama para perro tamaño pequeño', 'Cama acolchonada para perros pequeños', 'ComfyPet', 550.00, 7, 'Disponible', 1.2000, 0.0250, 24008, 21006),
('Mordedor de nylon para perros grandes', 'Juguete duradero para masticar', 'Nylabone', 180.00, 9, 'Disponible', 0.4500, 0.0040, 24004, 21006),
('Arena Perfume Lavanda 10L', 'Arena para gato con aroma a lavanda', 'Sanicat', 250.00, 12, 'Disponible', 10.0000, 0.0120, 24002, 21005),
('Shampoo antipulgas 500ml', 'Shampoo antipulgas para perros y gatos', 'PetClean', 215.00, 12, 'Disponible', 0.5000, 0.0005, 24005, 21012),
('Arnés réflex para perro mediano', 'Arnés con cinta reflectante para seguridad', 'Rogz', 370.00, 10, 'Disponible', 0.3000, 0.0020, 24007, 21006),
('Alimento Premium Para Perro Senior 3kg', 'Alimento nutricional para perros mayores', 'Royal Canin', 420.00, 12, 'Disponible', 3.0000, 0.1080, 24000, 21002),
('Snack Saludable Para Perro 100g', 'Snack natural y bajo en calorías', 'HealthyPet', 65.00, 18, 'Disponible', 0.1000, 0.0020, 24003, 21013),
('Plato Inoxidable Para Mascotas 1L', 'Plato resistente para comida o agua', 'PetSupplies', 125.00, 18, 'Disponible', 0.8000, 0.0015, 24007, 21008),
('Caja De Transporte Para Gato Mediano', 'Transportadora cómoda para gatos', 'FurHome', 775.00, 4, 'Disponible', 3.0000, 0.0400, 24006, 21011),
('Juguete Interactivo Para Gato', 'Rascador y juguete con plumas', 'Trixie', 180.00, 10, 'Disponible', 0.2500, 0.0008, 24004, 21006),
('Líquido Anti-Pulgas 250ml', 'Líquido antipulgas para mascotas', 'PetCare', 195.00, 12, 'Disponible', 0.2500, 0.0003, 24005, 21012),
('Cepillo Dental Para Perro Medium', 'Cepillo limpia dientes perros medianos', 'PetSmile', 120.00, 21, 'Disponible', 0.1000, 0.0010, 24010, 21006),
('Hueso Dental Chiquito', 'Premio dental para perros pequeños', 'DentalBone', 80.00, 6, 'Disponible', 0.1500, 0.0015, 24010, 21010),
('Mezcla de Semillas para Aves 1kg', 'Alimento completo para aves pequeñas', 'BirdBox', 160.00, 15, 'Disponible', 1.0000, 0.0360, 24011, 21000),
('Jaula Para Canario Mediana', 'Jaula de 45x30x40 cm para canarios', 'BirdHome', 450.00, 3, 'Disponible', 3.5000, 0.0540, 24011, 21006),
('Filtro para Acuario 3L', 'Filtro externo para acuarios pequeños', 'AquaPure', 350.00, 4, 'Disponible', 1.8000, 0.0050, 24012, 21006),
('Termómetro Digital Acuario', 'Termómetro para acuarios con lectura digital', 'AquaTech', 95.00, 9, 'Disponible', 0.1000, 0.0008, 24012, 21006),
('Suéter para Perro Mediano', 'Ropa térmica para perros medianos', 'PetFashion', 230.00, 9, 'Disponible', 0.4000, 0.0040, 24013, 21006),
('Vitaminas Multinivel para Perro 250g', 'Suplementos vitamínicos para crecimiento', 'NutriPet', 180.00, 12, 'Disponible', 0.2500, 0.0025, 24014, 21013),
('Vitaminas de Salmón para Gato 500ml', 'Suplemento líquido sabor salmón para gatos', 'FelineVits', 210.00, 9, 'Disponible', 0.5000, 0.0005, 24014, 21012),
('Dentastix para perros pequeños 3pzas', 'Premios dentales para perros pequeños', 'Pedigree', 55.00, 6, 'Disponible', 0.0500, 0.0005, 24010, 21010),
('Snack Mixto Para Aves Tropicales 500g', 'Snack saludable para aves tropicales', 'BirdBox', 88.00, 9, 'Disponible', 0.5000, 0.0180, 24011, 21013),
('Cama para perro tamaño pequeño', 'Cama acolchonada para perros pequeños', 'ComfyPet', 550.00, 7, 'Disponible', 1.2000, 0.0250, 24008, 21006),
('Mordedor de nylon para perros grandes', 'Juguete duradero para masticar', 'Nylabone', 180.00, 9, 'Disponible', 0.4500, 0.0040, 24004, 21006),
('Arena Perfume Lavanda 10L', 'Arena para gato con aroma a lavanda', 'Sanicat', 250.00, 12, 'Disponible', 10.0000, 0.0120, 24002, 21005),
('Shampoo antipulgas 500ml', 'Shampoo antipulgas para perros y gatos', 'PetClean', 215.00, 12, 'Disponible', 0.5000, 0.0005, 24005, 21012),
('Arnés réflex para perro mediano', 'Arnés con cinta reflectante para seguridad', 'Rogz', 370.00, 10, 'Disponible', 0.3000, 0.0020, 24007, 21006),
('Alimento Premium Para Perro Senior 3kg', 'Alimento nutricional para perros mayores', 'Royal Canin', 420.00, 12, 'Disponible', 3.0000, 0.1080, 24000, 21002),
('Snack Saludable Para Perro 100g', 'Snack natural y bajo en calorías', 'HealthyPet', 65.00, 18, 'Disponible', 0.1000, 0.0020, 24003, 21013),
('Plato Inoxidable Para Mascotas 1L', 'Plato resistente para comida o agua', 'PetSupplies', 125.00, 18, 'Disponible', 0.8000, 0.0015, 24007, 21008),
('Caja De Transporte Para Gato Mediano', 'Transportadora cómoda para gatos', 'FurHome', 775.00, 4, 'Disponible', 3.0000, 0.0400, 24006, 21011),
('Juguete Interactivo Para Gato', 'Rascador y juguete con plumas', 'Trixie', 180.00, 10, 'Disponible', 0.2500, 0.0008, 24004, 21006),
('Líquido Anti-Pulgas 250ml', 'Líquido antipulgas para mascotas', 'PetCare', 195.00, 12, 'Disponible', 0.2500, 0.0003, 24005, 21012),
('Cepillo Dental Para Perro Medium', 'Cepillo limpia dientes perros medianos', 'PetSmile', 120.00, 21, 'Disponible', 0.1000, 0.0010, 24010, 21006),
('Hueso Dental Chiquito', 'Premio dental para perros pequeños', 'DentalBone', 80.00, 6, 'Disponible', 0.1500, 0.0015, 24010, 21010),
('Mezcla de Semillas para Aves 1kg', 'Alimento completo para aves pequeñas', 'BirdBox', 160.00, 15, 'Disponible', 1.0000, 0.0360, 24011, 21000),
('Jaula Para Canario Mediana', 'Jaula de 45x30x40 cm para canarios', 'BirdHome', 450.00, 3, 'Disponible', 3.5000, 0.0540, 24011, 21006),
('Filtro para Acuario 3L', 'Filtro externo para acuarios pequeños', 'AquaPure', 350.00, 4, 'Disponible', 1.8000, 0.0050, 24012, 21006),
('Termómetro Digital Acuario', 'Termómetro para acuarios con lectura digital', 'AquaTech', 95.00, 9, 'Disponible', 0.1000, 0.0008, 24012, 21006),
('Suéter para Perro Mediano', 'Ropa térmica para perros medianos', 'PetFashion', 230.00, 9, 'Disponible', 0.4000, 0.0040, 24013, 21006),
('Vitaminas Multinivel para Perro 250g', 'Suplementos vitamínicos para crecimiento', 'NutriPet', 180.00, 12, 'Disponible', 0.2500, 0.0025, 24014, 21013),
('Vitaminas de Salmón para Gato 500ml', 'Suplemento líquido sabor salmón para gatos', 'FelineVits', 210.00, 9, 'Disponible', 0.5000, 0.0005, 24014, 21012),
('Dentastix para perros pequeños 3pzas', 'Premios dentales para perros pequeños', 'Pedigree', 55.00, 6, 'Disponible', 0.0500, 0.0005, 24010, 21010),
('Snack Mixto Para Aves Tropicales 500g', 'Snack saludable para aves tropicales', 'BirdBox', 88.00, 9, 'Disponible', 0.5000, 0.0180, 24011, 21013),
('Cama para perro tamaño pequeño', 'Cama acolchonada para perros pequeños', 'ComfyPet', 550.00, 7, 'Disponible', 1.2000, 0.0250, 24008, 21006),
('Mordedor de nylon para perros grandes', 'Juguete duradero para masticar', 'Nylabone', 180.00, 9, 'Disponible', 0.4500, 0.0040, 24004, 21006),
('Arena Perfume Lavanda 10L', 'Arena para gato con aroma a lavanda', 'Sanicat', 250.00, 12, 'Disponible', 10.0000, 0.0120, 24002, 21005),
('Shampoo antipulgas 500ml', 'Shampoo antipulgas para perros y gatos', 'PetClean', 215.00, 12, 'Disponible', 0.5000, 0.0005, 24005, 21012),
('Arnés réflex para perro mediano', 'Arnés con cinta reflectante para seguridad', 'Rogz', 370.00, 10, 'Disponible', 0.3000, 0.0020, 24007, 21006),
('Alimento Premium Para Perro Senior 3kg', 'Alimento nutricional para perros mayores', 'Royal Canin', 420.00, 12, 'Disponible', 3.0000, 0.1080, 24000, 21002),
('Snack Saludable Para Perro 100g', 'Snack natural y bajo en calorías', 'HealthyPet', 65.00, 18, 'Disponible', 0.1000, 0.0020, 24003, 21013),
('Plato Inoxidable Para Mascotas 1L', 'Plato resistente para comida o agua', 'PetSupplies', 125.00, 18, 'Disponible', 0.8000, 0.0015, 24007, 21008),
('Caja De Transporte Para Gato Mediano', 'Transportadora cómoda para gatos', 'FurHome', 775.00, 4, 'Disponible', 3.0000, 0.0400, 24006, 21011),
('Juguete Interactivo Para Gato', 'Rascador y juguete con plumas', 'Trixie', 180.00, 10, 'Disponible', 0.2500, 0.0008, 24004, 21006),
('Líquido Anti-Pulgas 250ml', 'Líquido antipulgas para mascotas', 'PetCare', 195.00, 12, 'Disponible', 0.2500, 0.0003, 24005, 21012),
('Cepillo Dental Para Perro Medium', 'Cepillo limpia dientes perros medianos', 'PetSmile', 120.00, 21, 'Disponible', 0.1000, 0.0010, 24010, 21006),
('Hueso Dental Chiquito', 'Premio dental para perros pequeños', 'DentalBone', 80.00, 6, 'Disponible', 0.1500, 0.0015, 24010, 21010),
('Mezcla de Semillas para Aves 1kg', 'Alimento completo para aves pequeñas', 'BirdBox', 160.00, 15, 'Disponible', 1.0000, 0.0360, 24011, 21000),
('Jaula Para Canario Mediana', 'Jaula de 45x30x40 cm para canarios', 'BirdHome', 450.00, 3, 'Disponible', 3.5000, 0.0540, 24011, 21006),
('Filtro para Acuario 3L', 'Filtro externo para acuarios pequeños', 'AquaPure', 350.00, 4, 'Disponible', 1.8000, 0.0050, 24012, 21006),
('Termómetro Digital Acuario', 'Termómetro para acuarios con lectura digital', 'AquaTech', 95.00, 9, 'Disponible', 0.1000, 0.0008, 24012, 21006),
('Suéter para Perro Mediano', 'Ropa térmica para perros medianos', 'PetFashion', 230.00, 9, 'Disponible', 0.4000, 0.0040, 24013, 21006),
('Vitaminas Multinivel para Perro 250g', 'Suplementos vitamínicos para crecimiento', 'NutriPet', 180.00, 12, 'Disponible', 0.2500, 0.0025, 24014, 21013),
('Vitaminas de Salmón para Gato 500ml', 'Suplemento líquido sabor salmón para gatos', 'FelineVits', 210.00, 9, 'Disponible', 0.5000, 0.0005, 24014, 21012),
('Dentastix para perros pequeños 3pzas', 'Premios dentales para perros pequeños', 'Pedigree', 55.00, 6, 'Disponible', 0.0500, 0.0005, 24010, 21010),
('Snack Mixto Para Aves Tropicales 500g', 'Snack saludable para aves tropicales', 'BirdBox', 88.00, 9, 'Disponible', 0.5000, 0.0180, 24011, 21013),
('Cama para perro tamaño pequeño', 'Cama acolchonada para perros pequeños', 'ComfyPet', 550.00, 7, 'Disponible', 1.2000, 0.0250, 24008, 21006),
('Mordedor de nylon para perros grandes', 'Juguete duradero para masticar', 'Nylabone', 180.00, 9, 'Disponible', 0.4500, 0.0040, 24004, 21006),
('Arena Perfume Lavanda 10L', 'Arena para gato con aroma a lavanda', 'Sanicat', 250.00, 12, 'Disponible', 10.0000, 0.0120, 24002, 21005),
('Shampoo antipulgas 500ml', 'Shampoo antipulgas para perros y gatos', 'PetClean', 215.00, 12, 'Disponible', 0.5000, 0.0005, 24005, 21012),
('Arnés réflex para perro mediano', 'Arnés con cinta reflectante para seguridad', 'Rogz', 370.00, 10, 'Disponible', 0.3000, 0.0020, 24007, 21006),
('Alimento Premium Para Perro Senior 3kg', 'Alimento nutricional para perros mayores', 'Royal Canin', 420.00, 12, 'Disponible', 3.0000, 0.1080, 24000, 21002),
('Snack Saludable Para Perro 100g', 'Snack natural y bajo en calorías', 'HealthyPet', 65.00, 18, 'Disponible', 0.1000, 0.0020, 24003, 21013),
('Plato Inoxidable Para Mascotas 1L', 'Plato resistente para comida o agua', 'PetSupplies', 125.00, 18, 'Disponible', 0.8000, 0.0015, 24007, 21008),
('Caja De Transporte Para Gato Mediano', 'Transportadora cómoda para gatos', 'FurHome', 775.00, 4, 'Disponible', 3.0000, 0.0400, 24006, 21011),
('Juguete Interactivo Para Gato', 'Rascador y juguete con plumas', 'Trixie', 180.00, 10, 'Disponible', 0.2500, 0.0008, 24004, 21006),
('Líquido Anti-Pulgas 250ml', 'Líquido antipulgas para mascotas', 'PetCare', 195.00, 12, 'Disponible', 0.2500, 0.0003, 24005, 21012),
('Cepillo Dental Para Perro Medium', 'Cepillo limpia dientes perros medianos', 'PetSmile', 120.00, 21, 'Disponible', 0.1000, 0.0010, 24010, 21006),
('Hueso Dental Chiquito', 'Premio dental para perros pequeños', 'DentalBone', 80.00, 6, 'Disponible', 0.1500, 0.0015, 24010, 21010),
('Mezcla de Semillas para Aves 1kg', 'Alimento completo para aves pequeñas', 'BirdBox', 160.00, 15, 'Disponible', 1.0000, 0.0360, 24011, 21000),
('Jaula Para Canario Mediana', 'Jaula de 45x30x40 cm para canarios', 'BirdHome', 450.00, 3, 'Disponible', 3.5000, 0.0540, 24011, 21006),
('Filtro para Acuario 3L', 'Filtro externo para acuarios pequeños', 'AquaPure', 350.00, 4, 'Disponible', 1.8000, 0.0050, 24012, 21006),
('Termómetro Digital Acuario', 'Termómetro para acuarios con lectura digital', 'AquaTech', 95.00, 9, 'Disponible', 0.1000, 0.0008, 24012, 21006),
('Suéter para Perro Mediano', 'Ropa térmica para perros medianos', 'PetFashion', 230.00, 9, 'Disponible', 0.4000, 0.0040, 24013, 21006),
('Vitaminas Multinivel para Perro 250g', 'Suplementos vitamínicos para crecimiento', 'NutriPet', 180.00, 12, 'Disponible', 0.2500, 0.0025, 24014, 21013),
('Vitaminas de Salmón para Gato 500ml', 'Suplemento líquido sabor salmón para gatos', 'FelineVits', 210.00, 9, 'Disponible', 0.5000, 0.0005, 24014, 21012),
('Dentastix para perros pequeños 3pzas', 'Premios dentales para perros pequeños', 'Pedigree', 55.00, 6, 'Disponible', 0.0500, 0.0005, 24010, 21010),
('Snack Mixto Para Aves Tropicales 500g', 'Snack saludable para aves tropicales', 'BirdBox', 88.00, 9, 'Disponible', 0.5000, 0.0180, 24011, 21013),
('Cama para perro tamaño pequeño', 'Cama acolchonada para perros pequeños', 'ComfyPet', 550.00, 7, 'Disponible', 1.2000, 0.0250, 24008, 21006),
('Mordedor de nylon para perros grandes', 'Juguete duradero para masticar', 'Nylabone', 180.00, 9, 'Disponible', 0.4500, 0.0040, 24004, 21006),
('Arena Perfume Lavanda 10L', 'Arena para gato con aroma a lavanda', 'Sanicat', 250.00, 12, 'Disponible', 10.0000, 0.0120, 24002, 21005),
('Shampoo antipulgas 500ml', 'Shampoo antipulgas para perros y gatos', 'PetClean', 215.00, 12, 'Disponible', 0.5000, 0.0005, 24005, 21012),
('Arnés réflex para perro mediano', 'Arnés con cinta reflectante para seguridad', 'Rogz', 370.00, 10, 'Disponible', 0.3000, 0.0020, 24007, 21006),
('Alimento Premium Para Perro Senior 3kg', 'Alimento nutricional para perros mayores', 'Royal Canin', 420.00, 12, 'Disponible', 3.0000, 0.1080, 24000, 21002),
('Snack Saludable Para Perro 100g', 'Snack natural y bajo en calorías', 'HealthyPet', 65.00, 18, 'Disponible', 0.1000, 0.0020, 24003, 21013),
('Plato Inoxidable Para Mascotas 1L', 'Plato resistente para comida o agua', 'PetSupplies', 125.00, 18, 'Disponible', 0.8000, 0.0015, 24007, 21008),
('Caja De Transporte Para Gato Mediano', 'Transportadora cómoda para gatos', 'FurHome', 775.00, 4, 'Disponible', 3.0000, 0.0400, 24006, 21011),
('Juguete Interactivo Para Gato', 'Rascador y juguete con plumas', 'Trixie', 180.00, 10, 'Disponible', 0.2500, 0.0008, 24004, 21006),
('Líquido Anti-Pulgas 250ml', 'Líquido antipulgas para mascotas', 'PetCare', 195.00, 12, 'Disponible', 0.2500, 0.0003, 24005, 21012),
('Cepillo Dental Para Perro Medium', 'Cepillo limpia dientes perros medianos', 'PetSmile', 120.00, 21, 'Disponible', 0.1000, 0.0010, 24010, 21006),
('Hueso Dental Chiquito', 'Premio dental para perros pequeños', 'DentalBone', 80.00, 6, 'Disponible', 0.1500, 0.0015, 24010, 21010),
('Mezcla de Semillas para Aves 1kg', 'Alimento completo para aves pequeñas', 'BirdBox', 160.00, 15, 'Disponible', 1.0000, 0.0360, 24011, 21000),
('Jaula Para Canario Mediana', 'Jaula de 45x30x40 cm para canarios', 'BirdHome', 450.00, 3, 'Disponible', 3.5000, 0.0540, 24011, 21006),
('Filtro para Acuario 3L', 'Filtro externo para acuarios pequeños', 'AquaPure', 350.00, 4, 'Disponible', 1.8000, 0.0050, 24012, 21006),
('Termómetro Digital Acuario', 'Termómetro para acuarios con lectura digital', 'AquaTech', 95.00, 9, 'Disponible', 0.1000, 0.0008, 24012, 21006),
('Suéter para Perro Mediano', 'Ropa térmica para perros medianos', 'PetFashion', 230.00, 9, 'Disponible', 0.4000, 0.0040, 24013, 21006),
('Vitaminas Multinivel para Perro 250g', 'Suplementos vitamínicos para crecimiento', 'NutriPet', 180.00, 12, 'Disponible', 0.2500, 0.0025, 24014, 21013),
('Vitaminas de Salmón para Gato 500ml', 'Suplemento líquido sabor salmón para gatos', 'FelineVits', 210.00, 9, 'Disponible', 0.5000, 0.0005, 24014, 21012),
('Dentastix para perros pequeños 3pzas', 'Premios dentales para perros pequeños', 'Pedigree', 55.00, 6, 'Disponible', 0.0500, 0.0005, 24010, 21010),
('Snack Mixto Para Aves Tropicales 500g', 'Snack saludable para aves tropicales', 'BirdBox', 88.00, 9, 'Disponible', 0.5000, 0.0180, 24011, 21013),
('Cama para perro tamaño pequeño', 'Cama acolchonada para perros pequeños', 'ComfyPet', 550.00, 7, 'Disponible', 1.2000, 0.0250, 24008, 21006),
('Mordedor de nylon para perros grandes', 'Juguete duradero para masticar', 'Nylabone', 180.00, 9, 'Disponible', 0.4500, 0.0040, 24004, 21006),
('Arena Perfume Lavanda 10L', 'Arena para gato con aroma a lavanda', 'Sanicat', 250.00, 12, 'Disponible', 10.0000, 0.0120, 24002, 21005),
('Shampoo antipulgas 500ml', 'Shampoo antipulgas para perros y gatos', 'PetClean', 215.00, 12, 'Disponible', 0.5000, 0.0005, 24005, 21012),
('Arnés réflex para perro mediano', 'Arnés con cinta reflectante para seguridad', 'Rogz', 370.00, 10, 'Disponible', 0.3000, 0.0020, 24007, 21006),
('Alimento Premium Para Perro Senior 3kg', 'Alimento nutricional para perros mayores', 'Royal Canin', 420.00, 12, 'Disponible', 3.0000, 0.1080, 24000, 21002),
('Snack Saludable Para Perro 100g', 'Snack natural y bajo en calorías', 'HealthyPet', 65.00, 18, 'Disponible', 0.1000, 0.0020, 24003, 21013),
('Plato Inoxidable Para Mascotas 1L', 'Plato resistente para comida o agua', 'PetSupplies', 125.00, 18, 'Disponible', 0.8000, 0.0015, 24007, 21008);


-- t27MetodoEntrega
INSERT INTO t27MetodoEntrega (Id_MetodoEntrega, Descripcion, Estado) VALUES
  (9001, 'Recojo en tienda',     'Activo'),
  (9002, 'Delivery - estándar',  'Activo');


-- t20Cliente
INSERT INTO t20Cliente
  (Id_Cliente, DniCli, des_apepatCliente, des_apematCliente, des_nombreCliente, num_telefonoCliente, email_cliente, direccionCliente, estado)
VALUES
  (60001, '12345678', 'Quispe', 'Huamán', 'Ana',  '987654321', 'ana.quispe@correo.com',  'Av. Los Olivos 456', 'Activo'),
  (60002, '87654321', 'Flores', 'Rojas',  'Pedro','981234567', 'pedro.flores@correo.com','Jr. San Martín 789', 'Activo'),
  (60003, '11223344', 'Soto',   'Méndez', 'Luisa','980112233', 'luisa.soto@correo.com',  'Calle Norte 101',    'Inactivo'),
  (60004, '33445566', 'Ramírez','Poma',   'Jorge','986543210', 'jorge.ramirez@correo.com','Av. Arequipa 1234', 'Activo'),
  (60005, '99887766', 'García', 'Luna',   'María','989112233', 'maria.garcia@correo.com','Jr. Las Magnolias 350','Activo'),
  (60006, '55667788', 'Torres', 'Campos', 'Carlos','981223344','carlos.torres@correo.com','Calle Los Cedros 220','Activo'),
  (60007, '44556677', 'Pérez',  'Saldaña','Rocío','984556677','rocio.perez@correo.com','Av. El Ejército 765','Activo'),
  (60008, '22334455', 'López',  'Vega',   'Hugo','982334455','hugo.lopez@correo.com','Mz. B Lote 12 Urb. Progreso','Activo'),
  (60009, '77889911', 'Mendoza','Ríos',   'Karla','983778899','karla.mendoza@correo.com','Psje. Los Olivos 114','Activo'),
  (60010, '66778899', 'Rojas',  'Cárdenas','Diego','985667788','diego.rojas@correo.com','Av. Universitaria 1020','Activo'),
  (60011, '12121212', 'Salazar','Quispe', 'Elena','986121212','elena.salazar@correo.com','Jr. Puno 456','Activo'),
  (60012, '34343434', 'Valdez', 'Núñez',  'Marco','987343434','marco.valdez@correo.com','Calle Lima 890','Activo'),
  (60013, '56565656', 'Castillo','Zapata','Patricia','989565656','patricia.castillo@correo.com','Av. Brasil 1500','Activo'),
  (60014, '78787878', 'Aguilar','Sánchez','Bruno','981787878','bruno.aguilar@correo.com','Av. La Marina 700','Activo'),
  (60015, '90909090', 'Chávez', 'Ibarra', 'Verónica','983909090','veronica.chavez@correo.com','Jr. Ancash 210','Activo');


-- t76ZonaEnvio
INSERT INTO t76ZonaEnvio (Id_Zona, DescZona, Estado) VALUES
(1, 'LIMA NORTE', 'Activo'),
(2, 'LIMA SUR', 'Activo'),
(3, 'LIMA ESTE', 'Activo'),
(4, 'LIMA OESTE', 'Activo');


-- t77DistritoEnvio
INSERT INTO t77DistritoEnvio (Id_Distrito, Id_Zona, DescNombre, MontoCosto, Estado) VALUES
-- 🔵 Zona Norte (Id_Zona = 1, Id_Distrito = 101–199)
(101, 1, 'ANCÓN',                18.00, 'Activo'),
(102, 1, 'CARABAYLLO',           17.50, 'Activo'),
(103, 1, 'COMAS',                16.00, 'Activo'),
(104, 1, 'INDEPENDENCIA',        15.50, 'Activo'),
(105, 1, 'LOS OLIVOS',           15.00, 'Activo'),
(106, 1, 'PUENTE PIEDRA',        17.00, 'Activo'),
(107, 1, 'SAN MARTÍN DE PORRES', 16.50, 'Activo'),
(108, 1, 'SANTA ROSA',           18.50, 'Activo'),

-- 🔴 Zona Sur (Id_Zona = 2, Id_Distrito = 201–299)
(201, 2, 'CHORRILLOS',              15.50, 'Activo'),
(202, 2, 'LURÍN',                   19.00, 'Activo'),
(203, 2, 'PACHACÁMAC',              19.50, 'Activo'),
(204, 2, 'PUCUSANA',                20.00, 'Activo'),
(205, 2, 'PUNTA HERMOSA',           20.00, 'Activo'),
(206, 2, 'PUNTA NEGRA',             20.00, 'Activo'),
(207, 2, 'SAN BARTOLO',             20.00, 'Activo'),
(208, 2, 'SAN JUAN DE MIRAFLORES',  16.00, 'Activo'),
(209, 2, 'SANTA MARÍA DEL MAR',     20.00, 'Activo'),
(210, 2, 'SANTIAGO DE SURCO',       15.50, 'Activo'),
(211, 2, 'VILLA EL SALVADOR',       17.00, 'Activo'),
(212, 2, 'VILLA MARÍA DEL TRIUNFO', 17.50, 'Activo'),

-- 🟢 Zona Este (Id_Zona = 3, Id_Distrito = 301–399)
(301, 3, 'ATE',                  15.50, 'Activo'),
(302, 3, 'CHACLACAYO',           18.50, 'Activo'),
(303, 3, 'CIENEGUILLA',          18.50, 'Activo'),
(304, 3, 'EL AGUSTINO',          14.00, 'Activo'),
(305, 3, 'LA MOLINA',            15.50, 'Activo'),
(306, 3, 'LURIGANCHO (CHOSICA)', 18.00, 'Activo'),
(307, 3, 'SAN JUAN DE LURIGANCHO', 16.50, 'Activo'),
(308, 3, 'SANTA ANITA',          15.00, 'Activo'),

-- 🟡 Zona Oeste (Id_Zona = 4, Id_Distrito = 401–499)
(401, 4, 'BARRANCO',          14.00, 'Activo'),
(402, 4, 'BREÑA',             13.50, 'Activo'),
(403, 4, 'CERCADO DE LIMA',   12.00, 'Activo'),
(404, 4, 'JESÚS MARÍA',       13.50, 'Activo'),
(405, 4, 'LA VICTORIA',       14.00, 'Activo'),
(406, 4, 'LINCE',             13.00, 'Activo'),
(407, 4, 'MAGDALENA DEL MAR', 13.50, 'Activo'),
(408, 4, 'MIRAFLORES',        14.50, 'Activo'),
(409, 4, 'PUEBLO LIBRE',      13.50, 'Activo'),
(410, 4, 'RÍMAC',             14.50, 'Activo'),
(411, 4, 'SAN BORJA',         14.50, 'Activo'),
(412, 4, 'SAN ISIDRO',        14.50, 'Activo'),
(413, 4, 'SAN LUIS',          13.50, 'Activo'),
(414, 4, 'SAN MIGUEL',        14.00, 'Activo'),
(415, 4, 'SURQUILLO',         14.00, 'Activo');


-- t73DireccionAlmacen
INSERT INTO t73DireccionAlmacen
  (Id_DireccionAlmacen, NombreAlmacen, DireccionOrigen, Id_Distrito, Estado)
VALUES
  (1, 'Almacén Central', 'Jirón Gualberto Guevara 135 Altura Cruce de Av. Colonial, Av. Nicolás Dueñas y, Lima 15107', 403, 'Activo');


-- t94TrabajadoresAlmacenes
INSERT INTO t94TrabajadoresAlmacenes (id_Trabajador, Id_DireccionAlmacen) VALUES 
(50003, 1),
(50004, 1),
(50006, 1);


-- t70DireccionEnvioCliente
INSERT INTO t70DireccionEnvioCliente
  (Id_Cliente, NombreContacto, TelefonoContacto, Direccion, Id_Distrito, DniReceptor)
VALUES
  (60001, 'Ana Quispe Huamán',    '987654321', 'Av. Naranjal 456, Los Olivos',              105, '12345678'),
  (60001, 'Ana Quispe Huamán',    '987654321', 'Jr. Las Palmeras 120, Los Olivos',          105, '12345678'),
  (60002, 'Pedro Flores Rojas',   '981234567', 'Av. Universitaria 789, San Martín de Porres', 107, '87654321'),
  (60004, 'Jorge Ramírez Poma',   '986543210', 'Av. Arequipa 1234, Lince',                  406, '33445566'),
  (60005, 'María García Luna',    '989112233', 'Av. San Borja Norte 350, San Borja',        411, '99887766'),
  (60006, 'Carlos Torres Campos', '981223344', 'Av. Benavides 2200, Santiago de Surco',     210, '55667788'),
  (60007, 'Rocío Pérez Saldaña',  '984556677', 'Av. Mariátegui 765, Jesús María',           404, '44556677'),
  (60008, 'Hugo López Vega',      '982334455', 'Av. Universitaria 1200, Comas',             103, '22334455'),
  (60009, 'Karla Mendoza Ríos',   '983778899', 'Av. Túpac Amaru 114, Independencia',        104, '77889911'),
  (60010, 'Diego Rojas Cárdenas', '985667788', 'Av. La Marina 1020, San Miguel',            414, '66778899'),
  (60011, 'Elena Salazar Quispe', '986121212', 'Jr. Puno 456, Cercado de Lima',             403, '12121212'),
  (60012, 'Marco Valdez Núñez',   '987343434', 'Av. Venezuela 890, Breña',                  402, '34343434'),
  (60013, 'Patricia Castillo Zapata','989565656','Av. Brasil 1500, Jesús María',            404, '56565656'),
  (60014, 'Bruno Aguilar Sánchez','981787878', 'Av. La Marina 700, Pueblo Libre',           409, '78787878'),
  (60015, 'Verónica Chávez Ibarra','983909090','Jr. Ancash 210, Cercado de Lima',           403, '90909090');


-- t28_Metodopago
INSERT INTO t28_Metodopago (Id_MetodoPago, Descripcion) VALUES
  (28001, 'Efectivo'),
  (28002, 'Tarjeta');


-- t30TipoBanco
INSERT INTO t30TipoBanco (Id_TipoBanco, Descripcion) VALUES
  (30001, 'BCP'),
  (30002, 'BBVA');


-- t78Vehiculo
INSERT INTO t78Vehiculo 
(Id_Vehiculo, Marca, Modelo, Placa, Anio, Volumen, CapacidadPesoKg, Estado)
VALUES
(14000, 'Toyota',    'Hiace',   'ABC-500', 2020, 8.0000, 1100.0000, 'Disponible'),
(14001, 'Hyundai',   'H1',      'BCD-501', 2021, 8.0000, 1100.0000, 'Disponible'),
(14002, 'Nissan',    'Urvan',   'CDE-502', 2019, 8.0000, 1100.0000, 'Disponible'),
(14003, 'Kia',       'Pregio',  'DEF-503', 2020, 8.0000, 1100.0000, 'Disponible'),
(14004, 'Mercedes',  'Sprinter','EFG-504', 2022, 8.0000, 1100.0000, 'Disponible'),
(14005, 'Toyota',    'Hiace',   'FGH-505', 2018, 8.0000, 1100.0000, 'Disponible'),
(14006, 'Hyundai',   'H1',      'GHI-506', 2021, 8.0000, 1100.0000, 'Disponible'),
(14007, 'Chevrolet', 'N300',    'HIJ-507', 2020, 8.0000, 1100.0000, 'Disponible'),
(14008, 'Nissan',    'NV350',   'IJK-508', 2022, 8.0000, 1100.0000, 'Disponible'),
(14009, 'Kia',       'Bongo',   'JKL-509', 2019, 8.0000, 1100.0000, 'Disponible'),
(14010, 'Toyota',    'Hiace',   'KLM-510', 2021, 8.0000, 1100.0000, 'Disponible'),
(14011, 'Hyundai',   'H1',      'LMN-511', 2019, 8.0000, 1100.0000, 'Disponible'),
(14012, 'Nissan',    'Urvan',   'MNO-512', 2020, 8.0000, 1100.0000, 'Disponible'),
(14013, 'Kia',       'Pregio',  'NOP-513', 2022, 8.0000, 1100.0000, 'Disponible'),
(14014, 'Mercedes',  'Sprinter','OPQ-514', 2020, 8.0000, 1100.0000, 'Disponible'),
(14015, 'Toyota',    'Hiace',   'PQR-515', 2021, 8.0000, 1100.0000, 'Disponible'),
(14016, 'Hyundai',   'Porter',  'QRS-516', 2018, 8.0000, 1100.0000, 'Disponible'),
(14017, 'Chevrolet', 'N300',    'RST-517', 2020, 8.0000, 1100.0000, 'Disponible'),
(14018, 'Nissan',    'NV350',   'STU-518', 2021, 8.0000, 1100.0000, 'Disponible'),
(14019, 'Kia',       'Bongo',   'TUV-519', 2022, 8.0000, 1100.0000, 'Disponible'),
(14020, 'Toyota',    'Hiace',   'UVW-520', 2020, 8.0000, 1100.0000, 'Disponible'),
(14021, 'Hyundai',   'H1',      'VWX-521', 2021, 8.0000, 1100.0000, 'Disponible'),
(14022, 'Nissan',    'Urvan',   'WXY-522', 2022, 8.0000, 1100.0000, 'Disponible'),
(14023, 'Kia',       'Pregio',  'XYZ-523', 2019, 8.0000, 1100.0000, 'Disponible'),
(14024, 'Mercedes',  'Sprinter','YZA-524', 2021, 8.0000, 1100.0000, 'Disponible');


-- t79AsignacionRepartidorVehiculo
INSERT INTO t79AsignacionRepartidorVehiculo
  (Id_Trabajador, Id_Vehiculo, Fecha_Inicio, Fecha_Fin, Estado)
VALUES
  (50008, 14000, '2025-08-17', NULL, 'Activo'),
  (50009, 14001, '2025-08-19', NULL, 'Activo'),
  (50010, 14002, '2025-08-21', NULL, 'Activo'),
  (50011, 14003, '2025-08-23', NULL, 'Activo'),
  (50012, 14004, '2025-08-25', NULL, 'Activo'),
  (50013, 14005, '2025-08-27', NULL, 'Activo'),
  (50014, 14006, '2025-08-29', NULL, 'Activo'),
  (50015, 14007, '2025-09-01', NULL, 'Activo'),
  (50016, 14008, '2025-09-05', NULL, 'Activo'),
  (50017, 14009, '2025-09-09', NULL, 'Activo'),
  (50018, 14010, '2025-09-13', NULL, 'Activo'),
  (50019, 14011, '2025-09-18', NULL, 'Activo'),
  (50020, 14012, '2025-09-22', NULL, 'Activo'),
  (50021, 14013, '2025-09-26', NULL, 'Activo'),
  (50022, 14014, '2025-09-30', NULL, 'Activo');


-- t78Vehiculo
UPDATE t78Vehiculo
SET Estado = 'Asignado'
WHERE Id_Vehiculo IN (
  14000, 14001, 14002, 14003, 14004,
  14005, 14006, 14007, 14008, 14009,
  14010, 14011, 14012, 14013, 14014
);


-- t41LicenciaConductor
INSERT INTO t41LicenciaConductor 
  (id_Trabajador, Num_Licencia, Categoria, Fec_Emision, Fec_Revalidacion, Estado)
VALUES
  (50008, 'Q81234567', 'A-II-a', '2020-05-10', '2025-05-10', 'Vigente'),
  (50009, 'Q84567890', 'A-II-a', '2019-08-15', '2024-08-15', 'Vigente'),
  (50010, 'Q85678901', 'A-II-a', '2021-03-20', '2026-03-20', 'Vigente'),
  (50011, 'Q86789012', 'A-II-a', '2020-11-12', '2025-11-12', 'Vigente'),
  (50012, 'Q87890123', 'A-II-a', '2019-07-08', '2024-07-08', 'Vigente'),
  (50013, 'Q88901234', 'A-II-a', '2021-01-25', '2026-01-25', 'Vigente'),
  (50014, 'Q89012345', 'A-II-a', '2020-09-18', '2025-09-18', 'Vigente'),
  (50015, 'Q80123456', 'A-II-a', '2019-12-05', '2024-12-05', 'Vigente'),
  (50016, 'Q81234568', 'A-II-a', '2021-06-14', '2026-06-14', 'Vigente'),
  (50017, 'Q82345679', 'A-II-a', '2020-04-22', '2025-04-22', 'Vigente'),
  (50018, 'Q83456780', 'A-II-a', '2019-10-30', '2024-10-30', 'Vigente'),
  (50019, 'Q84567891', 'A-II-a', '2021-02-17', '2026-02-17', 'Vigente'),
  (50020, 'Q85678902', 'A-II-a', '2020-08-09', '2025-08-09', 'Vigente'),
  (50021, 'Q86789013', 'A-II-a', '2019-11-28', '2024-11-28', 'Vigente'),
  (50022, 'Q87890124', 'A-II-a', '2021-05-03', '2026-05-03', 'Vigente'),
  (50023, 'Q88901235', 'A-II-a', '2020-07-19', '2025-07-19', 'Vigente'),
  (50024, 'Q89012346', 'A-II-a', '2019-09-11', '2024-09-11', 'Vigente'),
  (50025, 'Q80123457', 'A-II-a', '2021-04-06', '2026-04-06', 'Vigente'),
  (50026, 'Q81234569', 'A-II-a', '2020-10-23', '2025-10-23', 'Vigente'),
  (50027, 'Q83456789', 'A-II-a', '2019-06-16', '2024-06-16', 'Vigente');


/*PRODUCTOS PARA PRUEBA*/
INSERT INTO t18CatalogoProducto 
(NombreProducto, Descripcion, Marca, PrecioUnitario, StockActual, Estado, Peso, Volumen, t31CategoriaProducto_Id_Categoria, t34UnidadMedida_Id_UnidadMedida)
VALUES
('Producto 1', 'Descripción del producto 1', 'Marca 1', 120.50, 40, 'Disponible', 50.5, 0.8, 24000, 21000),
('Producto 2', 'Descripción del producto 2', 'Marca 2', 85.00, 40, 'Disponible', 60.2, 1.0, 24001, 21001),
('Producto 3', 'Descripción del producto 3', 'Marca 3', 310.75, 40, 'Disponible', 45.0, 1.1, 24002, 21002),
('Producto 4', 'Descripción del producto 4', 'Marca 4', 200.00, 40, 'Disponible', 55.8, 0.9, 24000, 21000),
('Producto 5', 'Descripción del producto 5', 'Marca 5', 150.30, 40, 'Disponible', 35.2, 0.7, 24001, 21001),
('Producto 6', 'Descripción del producto 6', 'Marca 1', 220.10, 40, 'Disponible', 65.0, 1.2, 24002, 21002),
('Producto 7', 'Descripción del producto 7', 'Marca 2', 175.50, 40, 'Disponible', 40.5, 0.6, 24000, 21003),
('Producto 8', 'Descripción del producto 8', 'Marca 3', 95.00, 40, 'Disponible', 70.0, 1.0, 24001, 21000),
('Producto 9', 'Descripción del producto 9', 'Marca 4', 135.25, 40, 'Disponible', 20.3, 0.5, 24002, 21001),
('Producto 10', 'Descripción del producto 10', 'Marca 5', 280.40, 40, 'Disponible', 60.5, 1.1, 24000, 21002),
('Producto 11', 'Descripción del producto 11', 'Marca 1', 310.00, 40, 'Disponible', 55.0, 0.9, 24001, 21003),
('Producto 12', 'Descripción del producto 12', 'Marca 2', 180.60, 40, 'Disponible', 25.0, 0.7, 24002, 21000),
('Producto 13', 'Descripción del producto 13', 'Marca 3', 145.80, 40, 'Disponible', 65.2, 1.2, 24000, 21001),
('Producto 14', 'Descripción del producto 14', 'Marca 4', 220.90, 40, 'Disponible', 50.0, 0.8, 24001, 21002),
('Producto 15', 'Descripción del producto 15', 'Marca 5', 195.40, 40, 'Disponible', 45.5, 0.9, 24002, 21003),
('Producto 16', 'Descripción del producto 16', 'Marca 1', 210.00, 40, 'Disponible', 35.8, 0.6, 24000, 21000),
('Producto 17', 'Descripción del producto 17', 'Marca 2', 175.25, 40, 'Disponible', 55.6, 0.7, 24001, 21001),
('Producto 18', 'Descripción del producto 18', 'Marca 3', 320.75, 40, 'Disponible', 60.0, 1.2, 24002, 21002),
('Producto 19', 'Descripción del producto 19', 'Marca 4', 140.50, 40, 'Disponible', 30.0, 0.5, 24000, 21003),
('Producto 20', 'Descripción del producto 20', 'Marca 5', 255.30, 40, 'Disponible', 65.5, 1.0, 24001, 21000);


INSERT INTO t29DetalleStockProducto (
t18CatalogoProducto_Id_Producto, StockMaximo, StockMinimo, FechaUltimaActualizacion, Estado
) VALUES
(1000, 180, 36, '2025-01-15', 'Activo'),
(1001, 180, 36, '2025-02-10', 'Activo'),
(1002, 180, 36, '2025-03-22', 'Activo'),
(1003, 120, 24, '2025-04-18', 'Activo'),
(1004, 120, 24, '2025-05-09', 'Activo'),
(1005, 240, 48, '2025-06-02', 'Activo'),
(1006, 180, 36, '2025-01-29', 'Activo'),
(1007, 180, 36, '2025-02-22', 'Activo'),
(1008, 120, 24, '2025-03-11', 'Activo'),
(1009, 240, 48, '2025-04-04', 'Activo'),
(1010, 240, 48, '2025-05-20', 'Activo'),
(1011, 420, 84, '2025-06-12', 'Activo'),
(1012, 120, 24, '2025-01-08', 'Activo'),
(1013, 160, 32, '2025-02-15', 'Activo'),
(1014, 60, 12, '2025-03-07', 'Activo'),
(1015, 120, 24, '2025-04-21', 'Activo'),
(1016, 180, 36, '2025-05-03', 'Activo'),
(1017, 120, 24, '2025-01-26', 'Activo'),
(1018, 180, 36, '2025-02-18', 'Activo'),
(1019, 120, 24, '2025-03-28', 'Activo'),
(1020, 180, 36, '2025-04-14', 'Activo');

INSERT INTO t13Stock (
  id_Producto, Cantidad, precioPromedio, Periodo, PeriodoClave, Fecha, Estado
) VALUES
(1000, 60, 80.42, '01/10/2025 - 31/10/2025', '2025-10-01', '2025-09-30', 'Activo'),
(1000, 20, 81.78, '01/09/2025 - 30/09/2025', '2025-09-01', '2025-08-31', 'Vencido'),
(1000, 60, 81.16, '01/08/2025 - 31/08/2025', '2025-08-01', '2025-07-31', 'Vencido'),
(1001, 60, 149.53, '01/10/2025 - 31/10/2025', '2025-10-01', '2025-09-30', 'Activo'),
(1001, 20, 151.66, '01/09/2025 - 30/09/2025', '2025-09-01', '2025-08-31', 'Vencido'),
(1001, 60, 152.84, '01/08/2025 - 31/08/2025', '2025-08-01', '2025-07-31', 'Vencido'),
(1002, 60, 261.90, '01/10/2025 - 31/10/2025', '2025-10-01', '2025-09-30', 'Activo'),
(1002, 20, 259.20, '01/09/2025 - 30/09/2025', '2025-09-01', '2025-08-31', 'Vencido'),
(1002, 60, 266.48, '01/08/2025 - 31/08/2025', '2025-08-01', '2025-07-31', 'Vencido'),
(1003, 110, 91.65, '01/10/2025 - 31/10/2025', '2025-10-01', '2025-09-30', 'Activo'),
(1003, 20, 91.87, '01/09/2025 - 30/09/2025', '2025-09-01', '2025-08-31', 'Vencido'),
(1003, 110, 93.10, '01/08/2025 - 31/08/2025', '2025-08-01', '2025-07-31', 'Vencido'),
(1004, 60, 170.48, '01/10/2025 - 31/10/2025', '2025-10-01', '2025-09-30', 'Activo'),
(1004, 20, 173.44, '01/09/2025 - 30/09/2025', '2025-09-01', '2025-08-31', 'Vencido'),
(1004, 60, 171.56, '01/08/2025 - 31/08/2025', '2025-08-01', '2025-07-31', 'Vencido'),
(1005, 60, 522.30, '01/10/2025 - 31/10/2025', '2025-10-01', '2025-09-30', 'Activo'),
(1005, 20, 526.80, '01/09/2025 - 30/09/2025', '2025-09-01', '2025-08-31', 'Vencido'),
(1005, 60, 517.86, '01/08/2025 - 31/08/2025', '2025-08-01', '2025-07-31', 'Vencido'),
(1006, 60, 307.20, '01/10/2025 - 31/10/2025', '2025-10-01', '2025-09-30', 'Activo'),
(1006, 20, 313.60, '01/09/2025 - 30/09/2025', '2025-09-01', '2025-08-31', 'Vencido'),
(1006, 60, 315.20, '01/08/2025 - 31/08/2025', '2025-08-01', '2025-07-31', 'Vencido'),
(1007, 60, 248.44, '01/10/2025 - 31/10/2025', '2025-10-01', '2025-09-30', 'Activo'),
(1007, 20, 253.84, '01/09/2025 - 30/09/2025', '2025-09-01', '2025-08-31', 'Vencido'),
(1007, 60, 245.58, '01/08/2025 - 31/08/2025', '2025-08-01', '2025-07-31', 'Vencido'),
(1008, 60, 233.91, '01/10/2025 - 31/10/2025', '2025-10-01', '2025-09-30', 'Activo'),
(1008, 20, 239.10, '01/09/2025 - 30/09/2025', '2025-09-01', '2025-08-31', 'Vencido'),
(1008, 60, 237.15, '01/08/2025 - 31/08/2025', '2025-08-01', '2025-07-31', 'Vencido'),
(1009, 110, 879.40, '01/10/2025 - 31/10/2025', '2025-10-01', '2025-09-30', 'Activo'),
(1009, 20, 893.70, '01/09/2025 - 30/09/2025', '2025-09-01', '2025-08-31', 'Vencido'),
(1009, 110, 871.35, '01/08/2025 - 31/08/2025', '2025-08-01', '2025-07-31', 'Vencido'),
(1010, 60, 301.44, '01/10/2025 - 31/10/2025', '2025-10-01', '2025-09-30', 'Activo'),
(1010, 20, 304.14, '01/09/2025 - 30/09/2025', '2025-09-01', '2025-08-31', 'Vencido'),
(1010, 60, 297.84, '01/08/2025 - 31/08/2025', '2025-08-01', '2025-07-31', 'Vencido'),
(1011, 210, 1361.20, '01/10/2025 - 31/10/2025', '2025-10-01', '2025-09-30', 'Activo'),
(1011, 20, 1384.60, '01/09/2025 - 30/09/2025', '2025-09-01', '2025-08-31', 'Vencido'),
(1011, 210, 1370.40, '01/08/2025 - 31/08/2025', '2025-08-01', '2025-07-31', 'Vencido'),
(1012, 60, 114.24, '01/10/2025 - 31/10/2025', '2025-10-01', '2025-09-30', 'Activo'),
(1012, 20, 116.62, '01/09/2025 - 30/09/2025', '2025-09-01', '2025-08-31', 'Vencido'),
(1012, 60, 115.05, '01/08/2025 - 31/08/2025', '2025-08-01', '2025-07-31', 'Vencido'),
(1013, 80, 381.06, '01/10/2025 - 31/10/2025', '2025-10-01', '2025-09-30', 'Activo'),
(1013, 20, 389.04, '01/09/2025 - 30/09/2025', '2025-09-01', '2025-08-31', 'Vencido'),
(1013, 80, 383.06, '01/08/2025 - 31/08/2025', '2025-08-01', '2025-07-31', 'Vencido'),
(1014, 40, 40.32, '01/10/2025 - 31/10/2025', '2025-10-01', '2025-09-30', 'Activo'),
(1014, 20, 40.74, '01/09/2025 - 30/09/2025', '2025-09-01', '2025-08-31', 'Vencido'),
(1014, 40, 40.74, '01/08/2025 - 31/08/2025', '2025-08-01', '2025-07-31', 'Vencido'),
(1015, 60, 88.28, '01/10/2025 - 31/10/2025', '2025-10-01', '2025-09-30', 'Activo'),
(1015, 20, 89.56, '01/09/2025 - 30/09/2025', '2025-09-01', '2025-08-31', 'Vencido'),
(1015, 60, 88.36, '01/08/2025 - 31/08/2025', '2025-08-01', '2025-07-31', 'Vencido'),
(1016, 120, 165.08, '01/10/2025 - 31/10/2025', '2025-10-01', '2025-09-30', 'Activo'),
(1016, 24, 170.54, '01/09/2025 - 30/09/2025', '2025-09-01', '2025-08-31', 'Vencido'),
(1016, 120, 166.64, '01/08/2025 - 31/08/2025', '2025-08-01', '2025-07-31', 'Vencido'),
(1017, 60, 20.16, '01/10/2025 - 31/10/2025', '2025-10-01', '2025-09-30', 'Activo'),
(1017, 24, 20.37, '01/09/2025 - 30/09/2025', '2025-09-01', '2025-08-31', 'Vencido'),
(1017, 60, 20.79, '01/08/2025 - 31/08/2025', '2025-08-01', '2025-07-31', 'Vencido'),
(1018, 60, 42.98, '01/10/2025 - 31/10/2025', '2025-10-01', '2025-09-30', 'Activo'),
(1018, 12, 44.10, '01/09/2025 - 30/09/2025', '2025-09-01', '2025-08-31', 'Vencido'),
(1018, 60, 43.20, '01/08/2025 - 31/08/2025', '2025-08-01', '2025-07-31', 'Vencido'),
(1019, 60, 114.00, '01/10/2025 - 31/10/2025', '2025-10-01', '2025-09-30', 'Activo'),
(1019, 24, 117.12, '01/09/2025 - 30/09/2025', '2025-09-01', '2025-08-31', 'Vencido'),
(1019, 60, 116.40, '01/08/2025 - 31/08/2025', '2025-08-01', '2025-07-31', 'Vencido'),
(1020, 60, 77.60, '01/10/2025 - 31/10/2025', '2025-10-01', '2025-09-30', 'Activo'),
(1020, 24, 76.00, '01/09/2025 - 30/09/2025', '2025-09-01', '2025-08-31', 'Vencido'),
(1020, 60, 78.40, '01/08/2025 - 31/08/2025', '2025-08-01', '2025-07-31', 'Vencido');


INSERT INTO t10Kardex (TipoTransaccion, id_Producto, precio, Cantidad, Fec_Transaccion) VALUES
('Ingreso',1000,80.99,2,'2025-10-02'),
('Salida',1000,80.99,3,'2025-10-04'),
('Ingreso',1000,80.99,1,'2025-10-06'),
('Salida',1000,80.99,4,'2025-10-09'),
('Ingreso',1000,80.99,2,'2025-10-12'),
('Salida',1000,80.99,5,'2025-10-15'),
('Ingreso',1000,80.99,1,'2025-10-19'),
('Salida',1000,80.99,2,'2025-10-23'),
('Ingreso',1000,80.99,1,'2025-10-27'),
('Salida',1000,80.99,3,'2025-10-30'),

('Ingreso',1001,149.99,2,'2025-10-01'),
('Salida',1001,149.99,3,'2025-10-03'),
('Ingreso',1001,149.99,1,'2025-10-06'),
('Salida',1001,149.99,5,'2025-10-08'),
('Ingreso',1001,149.99,2,'2025-10-11'),
('Salida',1001,149.99,4,'2025-10-14'),
('Ingreso',1001,149.99,1,'2025-10-18'),
('Salida',1001,149.99,2,'2025-10-22'),
('Ingreso',1001,149.99,2,'2025-10-26'),
('Salida',1001,149.99,3,'2025-10-30'),

('Ingreso',1002,261.99,1,'2025-10-02'),
('Salida',1002,261.99,4,'2025-10-04'),
('Ingreso',1002,261.99,2,'2025-10-06'),
('Salida',1002,261.99,3,'2025-10-09'),
('Ingreso',1002,261.99,2,'2025-10-12'),
('Salida',1002,261.99,5,'2025-10-15'),
('Ingreso',1002,261.99,1,'2025-10-19'),
('Salida',1002,261.99,2,'2025-10-23'),
('Ingreso',1002,261.99,1,'2025-10-27'),
('Salida',1002,261.99,4,'2025-10-30'),

('Ingreso',1003,91.99,1,'2025-10-01'),
('Salida',1003,91.99,3,'2025-10-04'),
('Ingreso',1003,91.99,2,'2025-10-06'),
('Salida',1003,91.99,5,'2025-10-09'),
('Ingreso',1003,91.99,1,'2025-10-13'),
('Salida',1003,91.99,4,'2025-10-16'),
('Ingreso',1003,91.99,2,'2025-10-20'),
('Salida',1003,91.99,3,'2025-10-25'),
('Ingreso',1003,91.99,1,'2025-10-28'),
('Salida',1003,91.99,2,'2025-10-31'),

('Ingreso',1004,170.99,1,'2025-10-02'),
('Salida',1004,170.99,4,'2025-10-05'),
('Ingreso',1004,170.99,2,'2025-10-07'),
('Salida',1004,170.99,3,'2025-10-10'),
('Ingreso',1004,170.99,1,'2025-10-14'),
('Salida',1004,170.99,5,'2025-10-18'),
('Ingreso',1004,170.99,2,'2025-10-22'),
('Salida',1004,170.99,4,'2025-10-26'),
('Ingreso',1004,170.99,1,'2025-10-29'),
('Salida',1004,170.99,3,'2025-10-31'),

('Ingreso',1005,522.99,2,'2025-10-01'),
('Salida',1005,522.99,5,'2025-10-03'),
('Ingreso',1005,522.99,1,'2025-10-07'),
('Salida',1005,522.99,3,'2025-10-10'),
('Ingreso',1005,522.99,2,'2025-10-13'),
('Salida',1005,522.99,4,'2025-10-17'),
('Ingreso',1005,522.99,1,'2025-10-21'),
('Salida',1005,522.99,2,'2025-10-25'),
('Ingreso',1005,522.99,2,'2025-10-28'),
('Salida',1005,522.99,3,'2025-10-31'),

('Ingreso',1006,307.99,1,'2025-10-02'),
('Salida',1006,307.99,3,'2025-10-04'),
('Ingreso',1006,307.99,2,'2025-10-07'),
('Salida',1006,307.99,4,'2025-10-10'),
('Ingreso',1006,307.99,1,'2025-10-13'),
('Salida',1006,307.99,2,'2025-10-16'),
('Ingreso',1006,307.99,2,'2025-10-20'),
('Salida',1006,307.99,3,'2025-10-24'),
('Ingreso',1006,307.99,1,'2025-10-28'),
('Salida',1006,307.99,2,'2025-10-31'),

('Ingreso',1007,248.99,2,'2025-10-01'),
('Salida',1007,248.99,3,'2025-10-03'),
('Ingreso',1007,248.99,1,'2025-10-06'),
('Salida',1007,248.99,5,'2025-10-08'),
('Ingreso',1007,248.99,2,'2025-10-12'),
('Salida',1007,248.99,4,'2025-10-16'),
('Ingreso',1007,248.99,1,'2025-10-20'),
('Salida',1007,248.99,3,'2025-10-24'),
('Ingreso',1007,248.99,2,'2025-10-27'),
('Salida',1007,248.99,2,'2025-10-31'),

('Ingreso',1008,233.99,1,'2025-10-02'),
('Salida',1008,233.99,4,'2025-10-05'),
('Ingreso',1008,233.99,2,'2025-10-08'),
('Salida',1008,233.99,3,'2025-10-11'),
('Ingreso',1008,233.99,1,'2025-10-14'),
('Salida',1008,233.99,2,'2025-10-18'),
('Ingreso',1008,233.99,2,'2025-10-21'),
('Salida',1008,233.99,4,'2025-10-25'),
('Ingreso',1008,233.99,1,'2025-10-28'),
('Salida',1008,233.99,3,'2025-10-31'),

('Ingreso',1009,879.99,1,'2025-10-03'),
('Salida',1009,879.99,5,'2025-10-05'),
('Ingreso',1009,879.99,2,'2025-10-08'),
('Salida',1009,879.99,4,'2025-10-11'),
('Ingreso',1009,879.99,1,'2025-10-15'),
('Salida',1009,879.99,3,'2025-10-19'),
('Ingreso',1009,879.99,2,'2025-10-23'),
('Salida',1009,879.99,2,'2025-10-27'),
('Ingreso',1009,879.99,1,'2025-10-29'),
('Salida',1009,879.99,3,'2025-10-31');

INSERT INTO t10Kardex (TipoTransaccion, id_Producto, precio, Cantidad, Fec_Transaccion) VALUES
('Ingreso',1011,1361.99,2,'2025-10-02'),
('Salida',1011,1361.99,3,'2025-10-04'),
('Ingreso',1011,1361.99,1,'2025-10-06'),
('Salida',1011,1361.99,5,'2025-10-09'),
('Ingreso',1011,1361.99,2,'2025-10-12'),
('Salida',1011,1361.99,4,'2025-10-15'),
('Ingreso',1011,1361.99,1,'2025-10-19'),
('Salida',1011,1361.99,2,'2025-10-23'),
('Ingreso',1011,1361.99,1,'2025-10-27'),
('Salida',1011,1361.99,3,'2025-10-30'),

('Ingreso',1012,114.99,1,'2025-10-01'),
('Salida',1012,114.99,3,'2025-10-03'),
('Ingreso',1012,114.99,2,'2025-10-05'),
('Salida',1012,114.99,2,'2025-10-08'),
('Ingreso',1012,114.99,1,'2025-10-11'),
('Salida',1012,114.99,5,'2025-10-15'),
('Ingreso',1012,114.99,2,'2025-10-19'),
('Salida',1012,114.99,3,'2025-10-23'),
('Ingreso',1012,114.99,1,'2025-10-27'),
('Salida',1012,114.99,4,'2025-10-31'),

('Ingreso',1013,381.99,2,'2025-10-02'),
('Salida',1013,381.99,4,'2025-10-05'),
('Ingreso',1013,381.99,1,'2025-10-07'),
('Salida',1013,381.99,3,'2025-10-10'),
('Ingreso',1013,381.99,2,'2025-10-13'),
('Salida',1013,381.99,5,'2025-10-17'),
('Ingreso',1013,381.99,1,'2025-10-20'),
('Salida',1013,381.99,2,'2025-10-25'),
('Ingreso',1013,381.99,2,'2025-10-28'),
('Salida',1013,381.99,3,'2025-10-31'),

('Ingreso',1014,40.99,1,'2025-10-01'),
('Salida',1014,40.99,3,'2025-10-03'),
('Ingreso',1014,40.99,2,'2025-10-05'),
('Salida',1014,40.99,2,'2025-10-09'),
('Ingreso',1014,40.99,1,'2025-10-12'),
('Salida',1014,40.99,4,'2025-10-16'),
('Ingreso',1014,40.99,2,'2025-10-20'),
('Salida',1014,40.99,3,'2025-10-25'),
('Ingreso',1014,40.99,1,'2025-10-28'),
('Salida',1014,40.99,2,'2025-10-31'),

('Ingreso',1015,88.99,2,'2025-10-02'),
('Salida',1015,88.99,4,'2025-10-04'),
('Ingreso',1015,88.99,1,'2025-10-06'),
('Salida',1015,88.99,5,'2025-10-09'),
('Ingreso',1015,88.99,2,'2025-10-12'),
('Salida',1015,88.99,4,'2025-10-15'),
('Ingreso',1015,88.99,1,'2025-10-19'),
('Salida',1015,88.99,2,'2025-10-23'),
('Ingreso',1015,88.99,2,'2025-10-27'),
('Salida',1015,88.99,3,'2025-10-30'),

('Ingreso',1016,165.99,1,'2025-10-01'),
('Salida',1016,165.99,3,'2025-10-03'),
('Ingreso',1016,165.99,2,'2025-10-05'),
('Salida',1016,165.99,2,'2025-10-08'),
('Ingreso',1016,165.99,1,'2025-10-11'),
('Salida',1016,165.99,4,'2025-10-15'),
('Ingreso',1016,165.99,2,'2025-10-19'),
('Salida',1016,165.99,3,'2025-10-23'),
('Ingreso',1016,165.99,1,'2025-10-27'),
('Salida',1016,165.99,2,'2025-10-31'),

('Ingreso',1017,20.99,2,'2025-10-02'),
('Salida',1017,20.99,4,'2025-10-04'),
('Ingreso',1017,20.99,1,'2025-10-06'),
('Salida',1017,20.99,5,'2025-10-09'),
('Ingreso',1017,20.99,2,'2025-10-12'),
('Salida',1017,20.99,3,'2025-10-15'),
('Ingreso',1017,20.99,1,'2025-10-19'),
('Salida',1017,20.99,2,'2025-10-23'),
('Ingreso',1017,20.99,1,'2025-10-27'),
('Salida',1017,20.99,3,'2025-10-30'),

('Ingreso',1018,42.99,1,'2025-10-01'),
('Salida',1018,42.99,3,'2025-10-03'),
('Ingreso',1018,42.99,2,'2025-10-05'),
('Salida',1018,42.99,4,'2025-10-08'),
('Ingreso',1018,42.99,1,'2025-10-12'),
('Salida',1018,42.99,5,'2025-10-16'),
('Ingreso',1018,42.99,2,'2025-10-20'),
('Salida',1018,42.99,3,'2025-10-24'),
('Ingreso',1018,42.99,1,'2025-10-27'),
('Salida',1018,42.99,2,'2025-10-31'),

('Ingreso',1019,114.99,2,'2025-10-02'),
('Salida',1019,114.99,4,'2025-10-05'),
('Ingreso',1019,114.99,1,'2025-10-07'),
('Salida',1019,114.99,2,'2025-10-10'),
('Ingreso',1019,114.99,2,'2025-10-13'),
('Salida',1019,114.99,5,'2025-10-17'),
('Ingreso',1019,114.99,1,'2025-10-20'),
('Salida',1019,114.99,3,'2025-10-25'),
('Ingreso',1019,114.99,2,'2025-10-28'),
('Salida',1019,114.99,2,'2025-10-31'),

('Ingreso',1020,77.99,1,'2025-10-01'),
('Salida',1020,77.99,3,'2025-10-03'),
('Ingreso',1020,77.99,2,'2025-10-05'),
('Salida',1020,77.99,2,'2025-10-08'),
('Ingreso',1020,77.99,1,'2025-10-11'),
('Salida',1020,77.99,4,'2025-10-15'),
('Ingreso',1020,77.99,2,'2025-10-19'),
('Salida',1020,77.99,3,'2025-10-23'),
('Ingreso',1020,77.99,1,'2025-10-27'),
('Salida',1020,77.99,2,'2025-10-31');

